session_key,driver_number,driver_name,team_name,lap_number,lap_duration_seconds,is_valid_lap
9839,1,Max VERSTAPPEN,Red Bull Racing,1,91.994,True
9839,4,Lando NORRIS,McLaren,1,94.457,True
9839,81,Oscar PIASTRI,McLaren,1,93.119,True
9839,63,George RUSSELL,Mercedes,1,95.868,True
9839,16,Charles LECLERC,Ferrari,1,95.055,True
9839,14,Fernando ALONSO,Aston Martin,1,95.383,True
9839,5,Gabriel BORTOLETO,Kick Sauber,1,96.356,True
9839,31,Esteban OCON,Haas F1 Team,1,97.501,True
9839,6,Isack HADJAR,Racing Bulls,1,97.036,True
9839,44,Lewis HAMILTON,Ferrari,1,99.744,True
9839,22,Yuki TSUNODA,Red Bull Racing,1,98.03,True
9839,23,Alexander ALBON,Williams,1,100.161,True
9839,87,Oliver BEARMAN,Haas F1 Team,1,98.747,True
9839,55,Carlos SAINZ,Williams,1,99.33,True
9839,30,Liam LAWSON,Racing Bulls,1,98.392,True
9839,27,Nico HULKENBERG,Kick Sauber,1,101.327,True
9839,12,Kimi ANTONELLI,Mercedes,1,101.106,True
9839,10,Pierre GASLY,Alpine,1,101.655,True
9839,18,Lance STROLL,Aston Martin,1,100.707,True
9839,43,Franco COLAPINTO,Alpine,1,102.106,True
9839,1,Max VERSTAPPEN,Red Bull Racing,2,89.117,True
9839,81,Oscar PIASTRI,McLaren,2,89.814,True
9839,4,Lando NORRIS,McLaren,2,89.893,True
9839,16,Charles LECLERC,Ferrari,2,90.087,True
9839,14,Fernando ALONSO,Aston Martin,2,90.396,True
9839,63,George RUSSELL,Mercedes,2,90.629,True
9839,5,Gabriel BORTOLETO,Kick Sauber,2,90.656,True
9839,6,Isack HADJAR,Racing Bulls,2,90.44,True
9839,31,Esteban OCON,Haas F1 Team,2,90.504,True
9839,22,Yuki TSUNODA,Red Bull Racing,2,90.688,True
9839,30,Liam LAWSON,Racing Bulls,2,90.799,True
9839,87,Oliver BEARMAN,Haas F1 Team,2,91.021,True
9839,55,Carlos SAINZ,Williams,2,91.984,True
9839,44,Lewis HAMILTON,Ferrari,2,90.853,True
9839,23,Alexander ALBON,Williams,2,91.71,True
9839,18,Lance STROLL,Aston Martin,2,91.582,True
9839,12,Kimi ANTONELLI,Mercedes,2,91.715,True
9839,27,Nico HULKENBERG,Kick Sauber,2,91.813,True
9839,10,Pierre GASLY,Alpine,2,92.01,True
9839,43,Franco COLAPINTO,Alpine,2,92.07,True
9839,1,Max VERSTAPPEN,Red Bull Racing,3,89.555,True
9839,81,Oscar PIASTRI,McLaren,3,89.525,True
9839,4,Lando NORRIS,McLaren,3,89.86,True
9839,16,Charles LECLERC,Ferrari,3,89.681,True
9839,14,Fernando ALONSO,Aston Martin,3,90.059,True
9839,63,George RUSSELL,Mercedes,3,90.067,True
9839,5,Gabriel BORTOLETO,Kick Sauber,3,90.137,True
9839,6,Isack HADJAR,Racing Bulls,3,90.211,True
9839,31,Esteban OCON,Haas F1 Team,3,90.306,True
9839,22,Yuki TSUNODA,Red Bull Racing,3,90.383,True
9839,30,Liam LAWSON,Racing Bulls,3,90.466,True
9839,87,Oliver BEARMAN,Haas F1 Team,3,90.467,True
9839,44,Lewis HAMILTON,Ferrari,3,90.113,True
9839,55,Carlos SAINZ,Williams,3,90.119,True
9839,23,Alexander ALBON,Williams,3,90.224,True
9839,18,Lance STROLL,Aston Martin,3,90.319,True
9839,12,Kimi ANTONELLI,Mercedes,3,90.492,True
9839,27,Nico HULKENBERG,Kick Sauber,3,90.515,True
9839,10,Pierre GASLY,Alpine,3,90.864,True
9839,43,Franco COLAPINTO,Alpine,3,91.303,True
9839,1,Max VERSTAPPEN,Red Bull Racing,4,89.563,True
9839,81,Oscar PIASTRI,McLaren,4,89.926,True
9839,4,Lando NORRIS,McLaren,4,89.841,True
9839,16,Charles LECLERC,Ferrari,4,89.943,True
9839,14,Fernando ALONSO,Aston Martin,4,90.896,True
9839,63,George RUSSELL,Mercedes,4,89.337,True
9839,5,Gabriel BORTOLETO,Kick Sauber,4,90.222,True
9839,6,Isack HADJAR,Racing Bulls,4,90.237,True
9839,31,Esteban OCON,Haas F1 Team,4,90.5,True
9839,22,Yuki TSUNODA,Red Bull Racing,4,90.521,True
9839,30,Liam LAWSON,Racing Bulls,4,90.661,True
9839,87,Oliver BEARMAN,Haas F1 Team,4,90.741,True
9839,44,Lewis HAMILTON,Ferrari,4,90.883,True
9839,55,Carlos SAINZ,Williams,4,90.829,True
9839,23,Alexander ALBON,Williams,4,90.874,True
9839,18,Lance STROLL,Aston Martin,4,90.773,True
9839,12,Kimi ANTONELLI,Mercedes,4,90.524,True
9839,27,Nico HULKENBERG,Kick Sauber,4,90.573,True
9839,10,Pierre GASLY,Alpine,4,90.669,True
9839,43,Franco COLAPINTO,Alpine,4,90.845,True
9839,1,Max VERSTAPPEN,Red Bull Racing,5,89.695,True
9839,81,Oscar PIASTRI,McLaren,5,89.758,True
9839,4,Lando NORRIS,McLaren,5,89.818,True
9839,16,Charles LECLERC,Ferrari,5,90.062,True
9839,63,George RUSSELL,Mercedes,5,89.989,True
9839,14,Fernando ALONSO,Aston Martin,5,90.196,True
9839,5,Gabriel BORTOLETO,Kick Sauber,5,90.186,True
9839,6,Isack HADJAR,Racing Bulls,5,90.261,True
9839,31,Esteban OCON,Haas F1 Team,5,90.163,True
9839,22,Yuki TSUNODA,Red Bull Racing,5,90.323,True
9839,30,Liam LAWSON,Racing Bulls,5,90.219,True
9839,87,Oliver BEARMAN,Haas F1 Team,5,90.19,True
9839,44,Lewis HAMILTON,Ferrari,5,90.229,True
9839,55,Carlos SAINZ,Williams,5,90.224,True
9839,23,Alexander ALBON,Williams,5,90.314,True
9839,18,Lance STROLL,Aston Martin,5,90.458,True
9839,12,Kimi ANTONELLI,Mercedes,5,90.707,True
9839,27,Nico HULKENBERG,Kick Sauber,5,90.776,True
9839,10,Pierre GASLY,Alpine,5,90.908,True
9839,43,Franco COLAPINTO,Alpine,5,90.99,True
9839,1,Max VERSTAPPEN,Red Bull Racing,6,89.772,True
9839,81,Oscar PIASTRI,McLaren,6,89.787,True
9839,4,Lando NORRIS,McLaren,6,89.82,True
9839,16,Charles LECLERC,Ferrari,6,89.739,True
9839,63,George RUSSELL,Mercedes,6,89.929,True
9839,14,Fernando ALONSO,Aston Martin,6,90.412,True
9839,5,Gabriel BORTOLETO,Kick Sauber,6,90.444,True
9839,6,Isack HADJAR,Racing Bulls,6,90.555,True
9839,31,Esteban OCON,Haas F1 Team,6,90.487,True
9839,22,Yuki TSUNODA,Red Bull Racing,6,90.361,True
9839,30,Liam LAWSON,Racing Bulls,6,90.325,True
9839,87,Oliver BEARMAN,Haas F1 Team,6,90.288,True
9839,44,Lewis HAMILTON,Ferrari,6,90.254,True
9839,55,Carlos SAINZ,Williams,6,90.274,True
9839,23,Alexander ALBON,Williams,6,90.223,True
9839,18,Lance STROLL,Aston Martin,6,90.188,True
9839,12,Kimi ANTONELLI,Mercedes,6,90.26,True
9839,27,Nico HULKENBERG,Kick Sauber,6,90.255,True
9839,10,Pierre GASLY,Alpine,6,90.891,True
9839,43,Franco COLAPINTO,Alpine,6,91.224,True
9839,1,Max VERSTAPPEN,Red Bull Racing,7,89.744,True
9839,81,Oscar PIASTRI,McLaren,7,89.568,True
9839,4,Lando NORRIS,McLaren,7,89.817,True
9839,16,Charles LECLERC,Ferrari,7,89.671,True
9839,63,George RUSSELL,Mercedes,7,89.759,True
9839,14,Fernando ALONSO,Aston Martin,7,90.319,True
9839,5,Gabriel BORTOLETO,Kick Sauber,7,90.367,True
9839,6,Isack HADJAR,Racing Bulls,7,90.289,True
9839,31,Esteban OCON,Haas F1 Team,7,90.395,True
9839,22,Yuki TSUNODA,Red Bull Racing,7,90.468,True
9839,30,Liam LAWSON,Racing Bulls,7,90.537,True
9839,87,Oliver BEARMAN,Haas F1 Team,7,90.546,True
9839,44,Lewis HAMILTON,Ferrari,7,90.539,True
9839,55,Carlos SAINZ,Williams,7,90.379,True
9839,23,Alexander ALBON,Williams,7,90.42,True
9839,18,Lance STROLL,Aston Martin,7,90.392,True
9839,12,Kimi ANTONELLI,Mercedes,7,90.308,True
9839,27,Nico HULKENBERG,Kick Sauber,7,91.972,True
9839,10,Pierre GASLY,Alpine,7,90.537,True
9839,43,Franco COLAPINTO,Alpine,7,90.61,True
9839,1,Max VERSTAPPEN,Red Bull Racing,8,89.601,True
9839,81,Oscar PIASTRI,McLaren,8,89.496,True
9839,4,Lando NORRIS,McLaren,8,89.51,True
9839,16,Charles LECLERC,Ferrari,8,89.606,True
9839,63,George RUSSELL,Mercedes,8,90.124,True
9839,14,Fernando ALONSO,Aston Martin,8,90.099,True
9839,5,Gabriel BORTOLETO,Kick Sauber,8,90.266,True
9839,6,Isack HADJAR,Racing Bulls,8,90.416,True
9839,31,Esteban OCON,Haas F1 Team,8,90.429,True
9839,22,Yuki TSUNODA,Red Bull Racing,8,90.395,True
9839,30,Liam LAWSON,Racing Bulls,8,90.34,True
9839,87,Oliver BEARMAN,Haas F1 Team,8,90.343,True
9839,44,Lewis HAMILTON,Ferrari,8,92.249,True
9839,55,Carlos SAINZ,Williams,8,90.558,True
9839,23,Alexander ALBON,Williams,8,91.974,True
9839,18,Lance STROLL,Aston Martin,8,90.439,True
9839,12,Kimi ANTONELLI,Mercedes,8,90.441,True
9839,27,Nico HULKENBERG,Kick Sauber,8,108.522,True
9839,10,Pierre GASLY,Alpine,8,90.612,True
9839,43,Franco COLAPINTO,Alpine,8,90.701,True
9839,1,Max VERSTAPPEN,Red Bull Racing,9,89.413,True
9839,81,Oscar PIASTRI,McLaren,9,89.571,True
9839,4,Lando NORRIS,McLaren,9,89.527,True
9839,16,Charles LECLERC,Ferrari,9,89.654,True
9839,63,George RUSSELL,Mercedes,9,90.205,True
9839,14,Fernando ALONSO,Aston Martin,9,90.011,True
9839,5,Gabriel BORTOLETO,Kick Sauber,9,90.058,True
9839,6,Isack HADJAR,Racing Bulls,9,90.078,True
9839,31,Esteban OCON,Haas F1 Team,9,90.145,True
9839,22,Yuki TSUNODA,Red Bull Racing,9,90.184,True
9839,30,Liam LAWSON,Racing Bulls,9,90.353,True
9839,87,Oliver BEARMAN,Haas F1 Team,9,90.285,True
9839,55,Carlos SAINZ,Williams,9,90.047,True
9839,18,Lance STROLL,Aston Martin,9,89.719,True
9839,44,Lewis HAMILTON,Ferrari,9,108.5,True
9839,12,Kimi ANTONELLI,Mercedes,9,90.028,True
9839,23,Alexander ALBON,Williams,9,109.36,True
9839,10,Pierre GASLY,Alpine,9,90.4,True
9839,43,Franco COLAPINTO,Alpine,9,90.551,True
9839,27,Nico HULKENBERG,Kick Sauber,9,88.442,True
9839,1,Max VERSTAPPEN,Red Bull Racing,10,89.465,True
9839,81,Oscar PIASTRI,McLaren,10,89.468,True
9839,4,Lando NORRIS,McLaren,10,89.635,True
9839,16,Charles LECLERC,Ferrari,10,89.63,True
9839,63,George RUSSELL,Mercedes,10,90.006,True
9839,14,Fernando ALONSO,Aston Martin,10,90.025,True
9839,5,Gabriel BORTOLETO,Kick Sauber,10,90.086,True
9839,6,Isack HADJAR,Racing Bulls,10,90.346,True
9839,31,Esteban OCON,Haas F1 Team,10,90.332,True
9839,22,Yuki TSUNODA,Red Bull Racing,10,90.588,True
9839,30,Liam LAWSON,Racing Bulls,10,90.55,True
9839,87,Oliver BEARMAN,Haas F1 Team,10,90.754,True
9839,55,Carlos SAINZ,Williams,10,90.457,True
9839,18,Lance STROLL,Aston Martin,10,90.275,True
9839,12,Kimi ANTONELLI,Mercedes,10,90.088,True
9839,10,Pierre GASLY,Alpine,10,90.586,True
9839,43,Franco COLAPINTO,Alpine,10,90.837,True
9839,44,Lewis HAMILTON,Ferrari,10,88.517,True
9839,27,Nico HULKENBERG,Kick Sauber,10,89.003,True
9839,23,Alexander ALBON,Williams,10,89.374,True
9839,1,Max VERSTAPPEN,Red Bull Racing,11,89.538,True
9839,81,Oscar PIASTRI,McLaren,11,89.466,True
9839,4,Lando NORRIS,McLaren,11,89.821,True
9839,16,Charles LECLERC,Ferrari,11,89.909,True
9839,63,George RUSSELL,Mercedes,11,90.044,True
9839,14,Fernando ALONSO,Aston Martin,11,89.8,True
9839,5,Gabriel BORTOLETO,Kick Sauber,11,90.223,True
9839,6,Isack HADJAR,Racing Bulls,11,90.94,True
9839,31,Esteban OCON,Haas F1 Team,11,90.858,True
9839,22,Yuki TSUNODA,Red Bull Racing,11,90.652,True
9839,30,Liam LAWSON,Racing Bulls,11,90.669,True
9839,87,Oliver BEARMAN,Haas F1 Team,11,90.903,True
9839,55,Carlos SAINZ,Williams,11,90.872,True
9839,18,Lance STROLL,Aston Martin,11,90.699,True
9839,12,Kimi ANTONELLI,Mercedes,11,90.655,True
9839,10,Pierre GASLY,Alpine,11,91.135,True
9839,43,Franco COLAPINTO,Alpine,11,90.884,True
9839,44,Lewis HAMILTON,Ferrari,11,89.022,True
9839,27,Nico HULKENBERG,Kick Sauber,11,89.418,True
9839,23,Alexander ALBON,Williams,11,89.807,True
9839,1,Max VERSTAPPEN,Red Bull Racing,12,89.543,True
9839,81,Oscar PIASTRI,McLaren,12,89.492,True
9839,4,Lando NORRIS,McLaren,12,89.682,True
9839,16,Charles LECLERC,Ferrari,12,90.057,True
9839,63,George RUSSELL,Mercedes,12,90.095,True
9839,14,Fernando ALONSO,Aston Martin,12,89.969,True
9839,5,Gabriel BORTOLETO,Kick Sauber,12,90.151,True
9839,6,Isack HADJAR,Racing Bulls,12,90.633,True
9839,31,Esteban OCON,Haas F1 Team,12,90.786,True
9839,22,Yuki TSUNODA,Red Bull Racing,12,90.86,True
9839,30,Liam LAWSON,Racing Bulls,12,90.91,True
9839,87,Oliver BEARMAN,Haas F1 Team,12,91.017,True
9839,55,Carlos SAINZ,Williams,12,90.955,True
9839,18,Lance STROLL,Aston Martin,12,91.17,True
9839,12,Kimi ANTONELLI,Mercedes,12,91.066,True
9839,10,Pierre GASLY,Alpine,12,91.79,True
9839,43,Franco COLAPINTO,Alpine,12,91.463,True
9839,44,Lewis HAMILTON,Ferrari,12,89.598,True
9839,27,Nico HULKENBERG,Kick Sauber,12,89.164,True
9839,23,Alexander ALBON,Williams,12,89.46,True
9839,1,Max VERSTAPPEN,Red Bull Racing,13,89.633,True
9839,81,Oscar PIASTRI,McLaren,13,89.261,True
9839,4,Lando NORRIS,McLaren,13,89.745,True
9839,16,Charles LECLERC,Ferrari,13,89.938,True
9839,63,George RUSSELL,Mercedes,13,90.06,True
9839,14,Fernando ALONSO,Aston Martin,13,89.968,True
9839,5,Gabriel BORTOLETO,Kick Sauber,13,90.144,True
9839,6,Isack HADJAR,Racing Bulls,13,91.064,True
9839,31,Esteban OCON,Haas F1 Team,13,91.076,True
9839,22,Yuki TSUNODA,Red Bull Racing,13,90.901,True
9839,30,Liam LAWSON,Racing Bulls,13,91.045,True
9839,87,Oliver BEARMAN,Haas F1 Team,13,91.06,True
9839,55,Carlos SAINZ,Williams,13,91.109,True
9839,18,Lance STROLL,Aston Martin,13,91.153,True
9839,12,Kimi ANTONELLI,Mercedes,13,90.976,True
9839,10,Pierre GASLY,Alpine,13,93.54,True
9839,43,Franco COLAPINTO,Alpine,13,91.563,True
9839,44,Lewis HAMILTON,Ferrari,13,89.473,True
9839,27,Nico HULKENBERG,Kick Sauber,13,89.436,True
9839,23,Alexander ALBON,Williams,13,89.692,True
9839,1,Max VERSTAPPEN,Red Bull Racing,14,89.526,True
9839,81,Oscar PIASTRI,McLaren,14,89.625,True
9839,4,Lando NORRIS,McLaren,14,90.061,True
9839,16,Charles LECLERC,Ferrari,14,90.054,True
9839,63,George RUSSELL,Mercedes,14,92.081,True
9839,14,Fernando ALONSO,Aston Martin,14,90.267,True
9839,5,Gabriel BORTOLETO,Kick Sauber,14,90.359,True
9839,6,Isack HADJAR,Racing Bulls,14,92.759,True
9839,31,Esteban OCON,Haas F1 Team,14,91.022,True
9839,22,Yuki TSUNODA,Red Bull Racing,14,91.13,True
9839,30,Liam LAWSON,Racing Bulls,14,91.323,True
9839,87,Oliver BEARMAN,Haas F1 Team,14,92.668,True
9839,55,Carlos SAINZ,Williams,14,91.059,True
9839,18,Lance STROLL,Aston Martin,14,90.914,True
9839,12,Kimi ANTONELLI,Mercedes,14,91.109,True
9839,43,Franco COLAPINTO,Alpine,14,91.199,True
9839,10,Pierre GASLY,Alpine,14,111.542,True
9839,44,Lewis HAMILTON,Ferrari,14,89.276,True
9839,27,Nico HULKENBERG,Kick Sauber,14,89.478,True
9839,23,Alexander ALBON,Williams,14,89.793,True
9839,1,Max VERSTAPPEN,Red Bull Racing,15,89.703,True
9839,81,Oscar PIASTRI,McLaren,15,89.536,True
9839,4,Lando NORRIS,McLaren,15,89.59,True
9839,16,Charles LECLERC,Ferrari,15,89.998,True
9839,14,Fernando ALONSO,Aston Martin,15,89.836,True
9839,63,George RUSSELL,Mercedes,15,109.453,True
9839,5,Gabriel BORTOLETO,Kick Sauber,15,91.832,True
9839,31,Esteban OCON,Haas F1 Team,15,90.246,True
9839,6,Isack HADJAR,Racing Bulls,15,110.245,True
9839,22,Yuki TSUNODA,Red Bull Racing,15,90.556,True
9839,30,Liam LAWSON,Racing Bulls,15,91.049,True
9839,55,Carlos SAINZ,Williams,15,90.862,True
9839,18,Lance STROLL,Aston Martin,15,90.931,True
9839,87,Oliver BEARMAN,Haas F1 Team,15,110.249,True
9839,12,Kimi ANTONELLI,Mercedes,15,90.93,True
9839,43,Franco COLAPINTO,Alpine,15,92.799,True
9839,44,Lewis HAMILTON,Ferrari,15,89.574,True
9839,27,Nico HULKENBERG,Kick Sauber,15,89.488,True
9839,23,Alexander ALBON,Williams,15,89.819,True
9839,10,Pierre GASLY,Alpine,15,89.817,True
9839,1,Max VERSTAPPEN,Red Bull Racing,16,89.46,True
9839,81,Oscar PIASTRI,McLaren,16,89.681,True
9839,4,Lando NORRIS,McLaren,16,91.722,True
9839,16,Charles LECLERC,Ferrari,16,91.99,True
9839,14,Fernando ALONSO,Aston Martin,16,91.928,True
9839,5,Gabriel BORTOLETO,Kick Sauber,16,109.682,True
9839,31,Esteban OCON,Haas F1 Team,16,90.827,True
9839,22,Yuki TSUNODA,Red Bull Racing,16,90.938,True
9839,30,Liam LAWSON,Racing Bulls,16,91.366,True
9839,55,Carlos SAINZ,Williams,16,91.855,True
9839,18,Lance STROLL,Aston Martin,16,90.384,True
9839,12,Kimi ANTONELLI,Mercedes,16,91.12,True
9839,63,George RUSSELL,Mercedes,16,88.648,True
9839,44,Lewis HAMILTON,Ferrari,16,89.461,True
9839,43,Franco COLAPINTO,Alpine,16,111.394,True
9839,27,Nico HULKENBERG,Kick Sauber,16,89.202,True
9839,23,Alexander ALBON,Williams,16,89.907,True
9839,6,Isack HADJAR,Racing Bulls,16,89.839,True
9839,87,Oliver BEARMAN,Haas F1 Team,16,89.263,True
9839,10,Pierre GASLY,Alpine,16,89.571,True
9839,1,Max VERSTAPPEN,Red Bull Racing,17,89.578,True
9839,81,Oscar PIASTRI,McLaren,17,89.535,True
9839,4,Lando NORRIS,McLaren,17,110.319,True
9839,16,Charles LECLERC,Ferrari,17,110.216,True
9839,14,Fernando ALONSO,Aston Martin,17,111.248,True
9839,31,Esteban OCON,Haas F1 Team,17,90.95,True
9839,22,Yuki TSUNODA,Red Bull Racing,17,90.915,True
9839,30,Liam LAWSON,Racing Bulls,17,91.343,True
9839,18,Lance STROLL,Aston Martin,17,90.914,True
9839,55,Carlos SAINZ,Williams,17,91.17,True
9839,12,Kimi ANTONELLI,Mercedes,17,91.12,True
9839,63,George RUSSELL,Mercedes,17,90.035,True
9839,44,Lewis HAMILTON,Ferrari,17,89.299,True
9839,27,Nico HULKENBERG,Kick Sauber,17,89.144,True
9839,5,Gabriel BORTOLETO,Kick Sauber,17,90.377,True
9839,23,Alexander ALBON,Williams,17,90.133,True
9839,6,Isack HADJAR,Racing Bulls,17,90.142,True
9839,87,Oliver BEARMAN,Haas F1 Team,17,89.863,True
9839,10,Pierre GASLY,Alpine,17,89.493,True
9839,43,Franco COLAPINTO,Alpine,17,89.847,True
9839,1,Max VERSTAPPEN,Red Bull Racing,18,89.596,True
9839,81,Oscar PIASTRI,McLaren,18,89.557,True
9839,31,Esteban OCON,Haas F1 Team,18,91.014,True
9839,22,Yuki TSUNODA,Red Bull Racing,18,90.729,True
9839,30,Liam LAWSON,Racing Bulls,18,91.426,True
9839,18,Lance STROLL,Aston Martin,18,91.423,True
9839,55,Carlos SAINZ,Williams,18,93.531,True
9839,12,Kimi ANTONELLI,Mercedes,18,91.805,True
9839,4,Lando NORRIS,McLaren,18,89.958,True
9839,16,Charles LECLERC,Ferrari,18,89.872,True
9839,63,George RUSSELL,Mercedes,18,89.857,True
9839,44,Lewis HAMILTON,Ferrari,18,89.7,True
9839,27,Nico HULKENBERG,Kick Sauber,18,89.601,True
9839,14,Fernando ALONSO,Aston Martin,18,89.993,True
9839,5,Gabriel BORTOLETO,Kick Sauber,18,90.116,True
9839,23,Alexander ALBON,Williams,18,89.987,True
9839,6,Isack HADJAR,Racing Bulls,18,89.869,True
9839,87,Oliver BEARMAN,Haas F1 Team,18,89.533,True
9839,10,Pierre GASLY,Alpine,18,89.487,True
9839,43,Franco COLAPINTO,Alpine,18,89.823,True
9839,1,Max VERSTAPPEN,Red Bull Racing,19,89.614,True
9839,81,Oscar PIASTRI,McLaren,19,89.598,True
9839,31,Esteban OCON,Haas F1 Team,19,93.06,True
9839,22,Yuki TSUNODA,Red Bull Racing,19,90.685,True
9839,30,Liam LAWSON,Racing Bulls,19,91.815,True
9839,18,Lance STROLL,Aston Martin,19,91.8,True
9839,4,Lando NORRIS,McLaren,19,89.681,True
9839,12,Kimi ANTONELLI,Mercedes,19,91.119,True
9839,16,Charles LECLERC,Ferrari,19,89.529,True
9839,55,Carlos SAINZ,Williams,19,109.277,True
9839,63,George RUSSELL,Mercedes,19,90.191,True
9839,44,Lewis HAMILTON,Ferrari,19,89.841,True
9839,27,Nico HULKENBERG,Kick Sauber,19,89.736,True
9839,14,Fernando ALONSO,Aston Martin,19,90.112,True
9839,5,Gabriel BORTOLETO,Kick Sauber,19,90.036,True
9839,23,Alexander ALBON,Williams,19,90.047,True
9839,6,Isack HADJAR,Racing Bulls,19,90.478,True
9839,87,Oliver BEARMAN,Haas F1 Team,19,89.922,True
9839,10,Pierre GASLY,Alpine,19,90.602,True
9839,43,Franco COLAPINTO,Alpine,19,89.712,True
9839,1,Max VERSTAPPEN,Red Bull Racing,20,89.557,True
9839,81,Oscar PIASTRI,McLaren,20,89.892,True
9839,22,Yuki TSUNODA,Red Bull Racing,20,90.093,True
9839,31,Esteban OCON,Haas F1 Team,20,109.801,True
9839,4,Lando NORRIS,McLaren,20,89.528,True
9839,30,Liam LAWSON,Racing Bulls,20,91.884,True
9839,18,Lance STROLL,Aston Martin,20,91.779,True
9839,16,Charles LECLERC,Ferrari,20,89.256,True
9839,12,Kimi ANTONELLI,Mercedes,20,91.744,True
9839,63,George RUSSELL,Mercedes,20,90.286,True
9839,44,Lewis HAMILTON,Ferrari,20,90.736,True
9839,27,Nico HULKENBERG,Kick Sauber,20,90.485,True
9839,14,Fernando ALONSO,Aston Martin,20,90.107,True
9839,5,Gabriel BORTOLETO,Kick Sauber,20,90.128,True
9839,23,Alexander ALBON,Williams,20,90.109,True
9839,6,Isack HADJAR,Racing Bulls,20,90.028,True
9839,87,Oliver BEARMAN,Haas F1 Team,20,89.787,True
9839,55,Carlos SAINZ,Williams,20,89.219,True
9839,10,Pierre GASLY,Alpine,20,89.911,True
9839,43,Franco COLAPINTO,Alpine,20,89.699,True
9839,1,Max VERSTAPPEN,Red Bull Racing,21,89.441,True
9839,81,Oscar PIASTRI,McLaren,21,89.584,True
9839,22,Yuki TSUNODA,Red Bull Racing,21,90.314,True
9839,4,Lando NORRIS,McLaren,21,89.133,True
9839,16,Charles LECLERC,Ferrari,21,89.055,True
9839,30,Liam LAWSON,Racing Bulls,21,95.813,True
9839,18,Lance STROLL,Aston Martin,21,92.002,True
9839,63,George RUSSELL,Mercedes,21,90.065,True
9839,12,Kimi ANTONELLI,Mercedes,21,91.807,True
9839,44,Lewis HAMILTON,Ferrari,21,91.793,True
9839,27,Nico HULKENBERG,Kick Sauber,21,91.706,True
9839,14,Fernando ALONSO,Aston Martin,21,90.031,True
9839,5,Gabriel BORTOLETO,Kick Sauber,21,90.056,True
9839,23,Alexander ALBON,Williams,21,90.27,True
9839,6,Isack HADJAR,Racing Bulls,21,90.305,True
9839,87,Oliver BEARMAN,Haas F1 Team,21,89.645,True
9839,31,Esteban OCON,Haas F1 Team,21,88.755,True
9839,55,Carlos SAINZ,Williams,21,89.22,True
9839,10,Pierre GASLY,Alpine,21,89.442,True
9839,43,Franco COLAPINTO,Alpine,21,89.43,True
9839,1,Max VERSTAPPEN,Red Bull Racing,22,89.243,True
9839,81,Oscar PIASTRI,McLaren,22,89.503,True
9839,22,Yuki TSUNODA,Red Bull Racing,22,90.004,True
9839,4,Lando NORRIS,McLaren,22,88.983,True
9839,16,Charles LECLERC,Ferrari,22,88.891,True
9839,63,George RUSSELL,Mercedes,22,89.399,True
9839,18,Lance STROLL,Aston Martin,22,90.668,True
9839,12,Kimi ANTONELLI,Mercedes,22,90.518,True
9839,44,Lewis HAMILTON,Ferrari,22,90.535,True
9839,27,Nico HULKENBERG,Kick Sauber,22,90.732,True
9839,14,Fernando ALONSO,Aston Martin,22,90.321,True
9839,30,Liam LAWSON,Racing Bulls,22,117.758,True
9839,5,Gabriel BORTOLETO,Kick Sauber,22,90.34,True
9839,23,Alexander ALBON,Williams,22,90.298,True
9839,6,Isack HADJAR,Racing Bulls,22,89.788,True
9839,87,Oliver BEARMAN,Haas F1 Team,22,89.473,True
9839,31,Esteban OCON,Haas F1 Team,22,88.74,True
9839,55,Carlos SAINZ,Williams,22,89.3,True
9839,10,Pierre GASLY,Alpine,22,89.69,True
9839,43,Franco COLAPINTO,Alpine,22,89.628,True
9839,1,Max VERSTAPPEN,Red Bull Racing,23,91.365,True
9839,81,Oscar PIASTRI,McLaren,23,89.515,True
9839,22,Yuki TSUNODA,Red Bull Racing,23,91.428,True
9839,4,Lando NORRIS,McLaren,23,88.828,True
9839,16,Charles LECLERC,Ferrari,23,89.595,True
9839,63,George RUSSELL,Mercedes,23,89.648,True
9839,18,Lance STROLL,Aston Martin,23,89.973,True
9839,12,Kimi ANTONELLI,Mercedes,23,90.129,True
9839,44,Lewis HAMILTON,Ferrari,23,90.076,True
9839,27,Nico HULKENBERG,Kick Sauber,23,90.908,True
9839,14,Fernando ALONSO,Aston Martin,23,89.42,True
9839,5,Gabriel BORTOLETO,Kick Sauber,23,89.997,True
9839,23,Alexander ALBON,Williams,23,90.621,True
9839,6,Isack HADJAR,Racing Bulls,23,90.078,True
9839,87,Oliver BEARMAN,Haas F1 Team,23,90.934,True
9839,31,Esteban OCON,Haas F1 Team,23,88.882,True
9839,55,Carlos SAINZ,Williams,23,89.44,True
9839,10,Pierre GASLY,Alpine,23,89.729,True
9839,43,Franco COLAPINTO,Alpine,23,89.717,True
9839,30,Liam LAWSON,Racing Bulls,23,89.826,True
9839,1,Max VERSTAPPEN,Red Bull Racing,24,108.923,True
9839,81,Oscar PIASTRI,McLaren,24,89.435,True
9839,4,Lando NORRIS,McLaren,24,88.875,True
9839,22,Yuki TSUNODA,Red Bull Racing,24,91.462,True
9839,16,Charles LECLERC,Ferrari,24,89.019,True
9839,63,George RUSSELL,Mercedes,24,89.589,True
9839,18,Lance STROLL,Aston Martin,24,89.972,True
9839,12,Kimi ANTONELLI,Mercedes,24,91.287,True
9839,44,Lewis HAMILTON,Ferrari,24,89.866,True
9839,14,Fernando ALONSO,Aston Martin,24,90.803,True
9839,27,Nico HULKENBERG,Kick Sauber,24,91.273,True
9839,5,Gabriel BORTOLETO,Kick Sauber,24,90.145,True
9839,23,Alexander ALBON,Williams,24,90.388,True
9839,6,Isack HADJAR,Racing Bulls,24,90.621,True
9839,31,Esteban OCON,Haas F1 Team,24,89.021,True
9839,87,Oliver BEARMAN,Haas F1 Team,24,90.11,True
9839,55,Carlos SAINZ,Williams,24,89.327,True
9839,10,Pierre GASLY,Alpine,24,89.747,True
9839,43,Franco COLAPINTO,Alpine,24,89.852,True
9839,30,Liam LAWSON,Racing Bulls,24,89.26,True
9839,81,Oscar PIASTRI,McLaren,25,89.261,True
9839,1,Max VERSTAPPEN,Red Bull Racing,25,88.693,True
9839,4,Lando NORRIS,McLaren,25,88.355,True
9839,16,Charles LECLERC,Ferrari,25,88.171,True
9839,22,Yuki TSUNODA,Red Bull Racing,25,90.072,True
9839,63,George RUSSELL,Mercedes,25,89.32,True
9839,18,Lance STROLL,Aston Martin,25,89.854,True
9839,44,Lewis HAMILTON,Ferrari,25,89.81,True
9839,12,Kimi ANTONELLI,Mercedes,25,90.2,True
9839,14,Fernando ALONSO,Aston Martin,25,90.26,True
9839,5,Gabriel BORTOLETO,Kick Sauber,25,90.091,True
9839,27,Nico HULKENBERG,Kick Sauber,25,90.113,True
9839,23,Alexander ALBON,Williams,25,90.934,True
9839,31,Esteban OCON,Haas F1 Team,25,89.118,True
9839,6,Isack HADJAR,Racing Bulls,25,92.178,True
9839,87,Oliver BEARMAN,Haas F1 Team,25,89.667,True
9839,55,Carlos SAINZ,Williams,25,89.657,True
9839,10,Pierre GASLY,Alpine,25,89.715,True
9839,43,Franco COLAPINTO,Alpine,25,90.138,True
9839,30,Liam LAWSON,Racing Bulls,25,89.498,True
9839,81,Oscar PIASTRI,McLaren,26,89.492,True
9839,1,Max VERSTAPPEN,Red Bull Racing,26,88.312,True
9839,4,Lando NORRIS,McLaren,26,88.486,True
9839,16,Charles LECLERC,Ferrari,26,88.044,True
9839,22,Yuki TSUNODA,Red Bull Racing,26,90.113,True
9839,63,George RUSSELL,Mercedes,26,89.431,True
9839,18,Lance STROLL,Aston Martin,26,89.788,True
9839,44,Lewis HAMILTON,Ferrari,26,89.644,True
9839,12,Kimi ANTONELLI,Mercedes,26,89.821,True
9839,14,Fernando ALONSO,Aston Martin,26,89.824,True
9839,5,Gabriel BORTOLETO,Kick Sauber,26,89.933,True
9839,27,Nico HULKENBERG,Kick Sauber,26,89.979,True
9839,31,Esteban OCON,Haas F1 Team,26,89.467,True
9839,23,Alexander ALBON,Williams,26,90.294,True
9839,87,Oliver BEARMAN,Haas F1 Team,26,89.883,True
9839,6,Isack HADJAR,Racing Bulls,26,89.989,True
9839,55,Carlos SAINZ,Williams,26,89.766,True
9839,10,Pierre GASLY,Alpine,26,89.855,True
9839,43,Franco COLAPINTO,Alpine,26,89.652,True
9839,30,Liam LAWSON,Racing Bulls,26,89.337,True
9839,81,Oscar PIASTRI,McLaren,27,89.299,True
9839,1,Max VERSTAPPEN,Red Bull Racing,27,88.327,True
9839,4,Lando NORRIS,McLaren,27,87.998,True
9839,16,Charles LECLERC,Ferrari,27,88.098,True
9839,22,Yuki TSUNODA,Red Bull Racing,27,90.14,True
9839,63,George RUSSELL,Mercedes,27,89.682,True
9839,18,Lance STROLL,Aston Martin,27,89.987,True
9839,44,Lewis HAMILTON,Ferrari,27,90.144,True
9839,12,Kimi ANTONELLI,Mercedes,27,91.272,True
9839,14,Fernando ALONSO,Aston Martin,27,89.75,True
9839,5,Gabriel BORTOLETO,Kick Sauber,27,90.479,True
9839,27,Nico HULKENBERG,Kick Sauber,27,90.353,True
9839,31,Esteban OCON,Haas F1 Team,27,89.688,True
9839,23,Alexander ALBON,Williams,27,90.113,True
9839,87,Oliver BEARMAN,Haas F1 Team,27,89.469,True
9839,6,Isack HADJAR,Racing Bulls,27,90.0,True
9839,55,Carlos SAINZ,Williams,27,89.825,True
9839,10,Pierre GASLY,Alpine,27,89.972,True
9839,43,Franco COLAPINTO,Alpine,27,89.543,True
9839,30,Liam LAWSON,Racing Bulls,27,89.501,True
9839,81,Oscar PIASTRI,McLaren,28,89.004,True
9839,1,Max VERSTAPPEN,Red Bull Racing,28,88.371,True
9839,4,Lando NORRIS,McLaren,28,88.202,True
9839,16,Charles LECLERC,Ferrari,28,88.149,True
9839,22,Yuki TSUNODA,Red Bull Racing,28,89.949,True
9839,63,George RUSSELL,Mercedes,28,89.75,True
9839,18,Lance STROLL,Aston Martin,28,89.86,True
9839,44,Lewis HAMILTON,Ferrari,28,89.918,True
9839,14,Fernando ALONSO,Aston Martin,28,90.533,True
9839,12,Kimi ANTONELLI,Mercedes,28,90.684,True
9839,5,Gabriel BORTOLETO,Kick Sauber,28,90.695,True
9839,27,Nico HULKENBERG,Kick Sauber,28,90.575,True
9839,31,Esteban OCON,Haas F1 Team,28,90.468,True
9839,23,Alexander ALBON,Williams,28,91.014,True
9839,87,Oliver BEARMAN,Haas F1 Team,28,89.491,True
9839,6,Isack HADJAR,Racing Bulls,28,89.879,True
9839,55,Carlos SAINZ,Williams,28,89.888,True
9839,10,Pierre GASLY,Alpine,28,89.971,True
9839,43,Franco COLAPINTO,Alpine,28,89.839,True
9839,30,Liam LAWSON,Racing Bulls,28,89.554,True
9839,81,Oscar PIASTRI,McLaren,29,88.927,True
9839,1,Max VERSTAPPEN,Red Bull Racing,29,88.003,True
9839,4,Lando NORRIS,McLaren,29,88.132,True
9839,16,Charles LECLERC,Ferrari,29,88.391,True
9839,22,Yuki TSUNODA,Red Bull Racing,29,90.834,True
9839,63,George RUSSELL,Mercedes,29,88.818,True
9839,18,Lance STROLL,Aston Martin,29,89.926,True
9839,44,Lewis HAMILTON,Ferrari,29,89.785,True
9839,14,Fernando ALONSO,Aston Martin,29,90.397,True
9839,12,Kimi ANTONELLI,Mercedes,29,90.334,True
9839,5,Gabriel BORTOLETO,Kick Sauber,29,90.312,True
9839,27,Nico HULKENBERG,Kick Sauber,29,90.573,True
9839,31,Esteban OCON,Haas F1 Team,29,90.77,True
9839,87,Oliver BEARMAN,Haas F1 Team,29,89.995,True
9839,23,Alexander ALBON,Williams,29,90.422,True
9839,6,Isack HADJAR,Racing Bulls,29,90.356,True
9839,55,Carlos SAINZ,Williams,29,89.946,True
9839,10,Pierre GASLY,Alpine,29,89.98,True
9839,43,Franco COLAPINTO,Alpine,29,89.915,True
9839,30,Liam LAWSON,Racing Bulls,29,89.665,True
9839,81,Oscar PIASTRI,McLaren,30,89.119,True
9839,1,Max VERSTAPPEN,Red Bull Racing,30,88.049,True
9839,4,Lando NORRIS,McLaren,30,88.066,True
9839,16,Charles LECLERC,Ferrari,30,88.471,True
9839,63,George RUSSELL,Mercedes,30,89.01,True
9839,22,Yuki TSUNODA,Red Bull Racing,30,90.772,True
9839,18,Lance STROLL,Aston Martin,30,90.175,True
9839,44,Lewis HAMILTON,Ferrari,30,89.88,True
9839,14,Fernando ALONSO,Aston Martin,30,90.41,True
9839,12,Kimi ANTONELLI,Mercedes,30,91.188,True
9839,5,Gabriel BORTOLETO,Kick Sauber,30,89.833,True
9839,27,Nico HULKENBERG,Kick Sauber,30,90.519,True
9839,31,Esteban OCON,Haas F1 Team,30,90.281,True
9839,87,Oliver BEARMAN,Haas F1 Team,30,89.763,True
9839,23,Alexander ALBON,Williams,30,90.215,True
9839,6,Isack HADJAR,Racing Bulls,30,90.232,True
9839,55,Carlos SAINZ,Williams,30,90.072,True
9839,10,Pierre GASLY,Alpine,30,89.955,True
9839,43,Franco COLAPINTO,Alpine,30,89.674,True
9839,30,Liam LAWSON,Racing Bulls,30,89.6,True
9839,81,Oscar PIASTRI,McLaren,31,88.983,True
9839,1,Max VERSTAPPEN,Red Bull Racing,31,87.844,True
9839,4,Lando NORRIS,McLaren,31,88.153,True
9839,16,Charles LECLERC,Ferrari,31,88.548,True
9839,63,George RUSSELL,Mercedes,31,89.144,True
9839,22,Yuki TSUNODA,Red Bull Racing,31,90.057,True
9839,18,Lance STROLL,Aston Martin,31,89.958,True
9839,44,Lewis HAMILTON,Ferrari,31,91.397,True
9839,14,Fernando ALONSO,Aston Martin,31,89.708,True
9839,5,Gabriel BORTOLETO,Kick Sauber,31,89.981,True
9839,12,Kimi ANTONELLI,Mercedes,31,91.017,True
9839,27,Nico HULKENBERG,Kick Sauber,31,91.724,True
9839,31,Esteban OCON,Haas F1 Team,31,90.599,True
9839,87,Oliver BEARMAN,Haas F1 Team,31,91.192,True
9839,23,Alexander ALBON,Williams,31,90.539,True
9839,6,Isack HADJAR,Racing Bulls,31,90.425,True
9839,55,Carlos SAINZ,Williams,31,89.924,True
9839,10,Pierre GASLY,Alpine,31,90.137,True
9839,43,Franco COLAPINTO,Alpine,31,89.849,True
9839,30,Liam LAWSON,Racing Bulls,31,89.416,True
9839,81,Oscar PIASTRI,McLaren,32,89.001,True
9839,1,Max VERSTAPPEN,Red Bull Racing,32,87.801,True
9839,4,Lando NORRIS,McLaren,32,88.374,True
9839,16,Charles LECLERC,Ferrari,32,88.854,True
9839,63,George RUSSELL,Mercedes,32,89.166,True
9839,22,Yuki TSUNODA,Red Bull Racing,32,91.781,True
9839,18,Lance STROLL,Aston Martin,32,90.239,True
9839,44,Lewis HAMILTON,Ferrari,32,108.714,True
9839,14,Fernando ALONSO,Aston Martin,32,90.048,True
9839,5,Gabriel BORTOLETO,Kick Sauber,32,89.829,True
9839,12,Kimi ANTONELLI,Mercedes,32,92.815,True
9839,31,Esteban OCON,Haas F1 Team,32,89.135,True
9839,27,Nico HULKENBERG,Kick Sauber,32,90.152,True
9839,87,Oliver BEARMAN,Haas F1 Team,32,90.214,True
9839,23,Alexander ALBON,Williams,32,90.485,True
9839,6,Isack HADJAR,Racing Bulls,32,91.414,True
9839,55,Carlos SAINZ,Williams,32,89.724,True
9839,10,Pierre GASLY,Alpine,32,90.018,True
9839,43,Franco COLAPINTO,Alpine,32,89.841,True
9839,30,Liam LAWSON,Racing Bulls,32,89.158,True
9839,81,Oscar PIASTRI,McLaren,33,89.002,True
9839,1,Max VERSTAPPEN,Red Bull Racing,33,87.909,True
9839,4,Lando NORRIS,McLaren,33,88.081,True
9839,16,Charles LECLERC,Ferrari,33,88.664,True
9839,63,George RUSSELL,Mercedes,33,89.698,True
9839,22,Yuki TSUNODA,Red Bull Racing,33,115.049,True
9839,18,Lance STROLL,Aston Martin,33,89.972,True
9839,14,Fernando ALONSO,Aston Martin,33,89.982,True
9839,5,Gabriel BORTOLETO,Kick Sauber,33,89.954,True
9839,31,Esteban OCON,Haas F1 Team,33,89.818,True
9839,27,Nico HULKENBERG,Kick Sauber,33,90.907,True
9839,87,Oliver BEARMAN,Haas F1 Team,33,89.43,True
9839,12,Kimi ANTONELLI,Mercedes,33,110.724,True
9839,23,Alexander ALBON,Williams,33,91.616,True
9839,55,Carlos SAINZ,Williams,33,89.965,True
9839,6,Isack HADJAR,Racing Bulls,33,90.562,True
9839,10,Pierre GASLY,Alpine,33,90.339,True
9839,43,Franco COLAPINTO,Alpine,33,90.053,True
9839,44,Lewis HAMILTON,Ferrari,33,89.051,True
9839,30,Liam LAWSON,Racing Bulls,33,89.444,True
9839,81,Oscar PIASTRI,McLaren,34,89.313,True
9839,1,Max VERSTAPPEN,Red Bull Racing,34,87.924,True
9839,4,Lando NORRIS,McLaren,34,88.108,True
9839,16,Charles LECLERC,Ferrari,34,88.58,True
9839,63,George RUSSELL,Mercedes,34,89.485,True
9839,18,Lance STROLL,Aston Martin,34,89.826,True
9839,14,Fernando ALONSO,Aston Martin,34,89.751,True
9839,5,Gabriel BORTOLETO,Kick Sauber,34,89.862,True
9839,31,Esteban OCON,Haas F1 Team,34,89.348,True
9839,87,Oliver BEARMAN,Haas F1 Team,34,89.491,True
9839,27,Nico HULKENBERG,Kick Sauber,34,90.063,True
9839,55,Carlos SAINZ,Williams,34,89.656,True
9839,23,Alexander ALBON,Williams,34,108.877,True
9839,6,Isack HADJAR,Racing Bulls,34,90.485,True
9839,10,Pierre GASLY,Alpine,34,90.137,True
9839,43,Franco COLAPINTO,Alpine,34,90.07,True
9839,44,Lewis HAMILTON,Ferrari,34,88.794,True
9839,22,Yuki TSUNODA,Red Bull Racing,34,88.572,True
9839,30,Liam LAWSON,Racing Bulls,34,89.499,True
9839,12,Kimi ANTONELLI,Mercedes,34,88.029,True
9839,81,Oscar PIASTRI,McLaren,35,89.177,True
9839,1,Max VERSTAPPEN,Red Bull Racing,35,87.981,True
9839,4,Lando NORRIS,McLaren,35,87.971,True
9839,16,Charles LECLERC,Ferrari,35,88.453,True
9839,63,George RUSSELL,Mercedes,35,89.405,True
9839,18,Lance STROLL,Aston Martin,35,90.004,True
9839,14,Fernando ALONSO,Aston Martin,35,89.764,True
9839,5,Gabriel BORTOLETO,Kick Sauber,35,89.708,True
9839,31,Esteban OCON,Haas F1 Team,35,89.476,True
9839,87,Oliver BEARMAN,Haas F1 Team,35,89.323,True
9839,27,Nico HULKENBERG,Kick Sauber,35,89.611,True
9839,55,Carlos SAINZ,Williams,35,89.576,True
9839,6,Isack HADJAR,Racing Bulls,35,90.197,True
9839,10,Pierre GASLY,Alpine,35,90.115,True
9839,43,Franco COLAPINTO,Alpine,35,90.63,True
9839,44,Lewis HAMILTON,Ferrari,35,88.514,True
9839,22,Yuki TSUNODA,Red Bull Racing,35,88.955,True
9839,30,Liam LAWSON,Racing Bulls,35,89.26,True
9839,12,Kimi ANTONELLI,Mercedes,35,88.319,True
9839,23,Alexander ALBON,Williams,35,88.588,True
9839,81,Oscar PIASTRI,McLaren,36,89.009,True
9839,1,Max VERSTAPPEN,Red Bull Racing,36,87.81,True
9839,4,Lando NORRIS,McLaren,36,87.841,True
9839,16,Charles LECLERC,Ferrari,36,88.303,True
9839,63,George RUSSELL,Mercedes,36,89.377,True
9839,18,Lance STROLL,Aston Martin,36,90.003,True
9839,14,Fernando ALONSO,Aston Martin,36,89.819,True
9839,5,Gabriel BORTOLETO,Kick Sauber,36,89.735,True
9839,31,Esteban OCON,Haas F1 Team,36,89.532,True
9839,87,Oliver BEARMAN,Haas F1 Team,36,89.455,True
9839,27,Nico HULKENBERG,Kick Sauber,36,89.383,True
9839,55,Carlos SAINZ,Williams,36,89.41,True
9839,6,Isack HADJAR,Racing Bulls,36,89.623,True
9839,10,Pierre GASLY,Alpine,36,90.592,True
9839,44,Lewis HAMILTON,Ferrari,36,88.094,True
9839,43,Franco COLAPINTO,Alpine,36,90.233,True
9839,22,Yuki TSUNODA,Red Bull Racing,36,89.428,True
9839,30,Liam LAWSON,Racing Bulls,36,89.353,True
9839,12,Kimi ANTONELLI,Mercedes,36,88.185,True
9839,23,Alexander ALBON,Williams,36,88.439,True
9839,81,Oscar PIASTRI,McLaren,37,89.126,True
9839,1,Max VERSTAPPEN,Red Bull Racing,37,87.745,True
9839,4,Lando NORRIS,McLaren,37,87.814,True
9839,16,Charles LECLERC,Ferrari,37,88.35,True
9839,63,George RUSSELL,Mercedes,37,89.348,True
9839,18,Lance STROLL,Aston Martin,37,89.84,True
9839,14,Fernando ALONSO,Aston Martin,37,90.3,True
9839,5,Gabriel BORTOLETO,Kick Sauber,37,90.367,True
9839,31,Esteban OCON,Haas F1 Team,37,90.25,True
9839,87,Oliver BEARMAN,Haas F1 Team,37,89.436,True
9839,27,Nico HULKENBERG,Kick Sauber,37,89.423,True
9839,55,Carlos SAINZ,Williams,37,89.212,True
9839,6,Isack HADJAR,Racing Bulls,37,89.448,True
9839,44,Lewis HAMILTON,Ferrari,37,88.549,True
9839,10,Pierre GASLY,Alpine,37,89.908,True
9839,43,Franco COLAPINTO,Alpine,37,90.862,True
9839,22,Yuki TSUNODA,Red Bull Racing,37,89.165,True
9839,30,Liam LAWSON,Racing Bulls,37,89.616,True
9839,12,Kimi ANTONELLI,Mercedes,37,88.677,True
9839,23,Alexander ALBON,Williams,37,88.411,True
9839,81,Oscar PIASTRI,McLaren,38,89.106,True
9839,1,Max VERSTAPPEN,Red Bull Racing,38,87.751,True
9839,4,Lando NORRIS,McLaren,38,87.998,True
9839,16,Charles LECLERC,Ferrari,38,88.152,True
9839,63,George RUSSELL,Mercedes,38,89.064,True
9839,18,Lance STROLL,Aston Martin,38,89.985,True
9839,14,Fernando ALONSO,Aston Martin,38,90.512,True
9839,5,Gabriel BORTOLETO,Kick Sauber,38,91.005,True
9839,31,Esteban OCON,Haas F1 Team,38,89.73,True
9839,87,Oliver BEARMAN,Haas F1 Team,38,89.972,True
9839,27,Nico HULKENBERG,Kick Sauber,38,89.693,True
9839,55,Carlos SAINZ,Williams,38,89.601,True
9839,6,Isack HADJAR,Racing Bulls,38,90.562,True
9839,44,Lewis HAMILTON,Ferrari,38,88.141,True
9839,10,Pierre GASLY,Alpine,38,90.193,True
9839,22,Yuki TSUNODA,Red Bull Racing,38,89.165,True
9839,43,Franco COLAPINTO,Alpine,38,90.74,True
9839,30,Liam LAWSON,Racing Bulls,38,89.496,True
9839,12,Kimi ANTONELLI,Mercedes,38,88.959,True
9839,23,Alexander ALBON,Williams,38,88.569,True
9839,81,Oscar PIASTRI,McLaren,39,89.26,True
9839,1,Max VERSTAPPEN,Red Bull Racing,39,87.625,True
9839,4,Lando NORRIS,McLaren,39,88.068,True
9839,16,Charles LECLERC,Ferrari,39,90.239,True
9839,63,George RUSSELL,Mercedes,39,89.157,True
9839,18,Lance STROLL,Aston Martin,39,90.218,True
9839,14,Fernando ALONSO,Aston Martin,39,90.101,True
9839,31,Esteban OCON,Haas F1 Team,39,90.117,True
9839,5,Gabriel BORTOLETO,Kick Sauber,39,90.115,True
9839,87,Oliver BEARMAN,Haas F1 Team,39,90.042,True
9839,27,Nico HULKENBERG,Kick Sauber,39,89.822,True
9839,55,Carlos SAINZ,Williams,39,89.938,True
9839,44,Lewis HAMILTON,Ferrari,39,88.528,True
9839,6,Isack HADJAR,Racing Bulls,39,90.066,True
9839,10,Pierre GASLY,Alpine,39,90.957,True
9839,22,Yuki TSUNODA,Red Bull Racing,39,88.686,True
9839,43,Franco COLAPINTO,Alpine,39,92.596,True
9839,30,Liam LAWSON,Racing Bulls,39,88.886,True
9839,12,Kimi ANTONELLI,Mercedes,39,89.347,True
9839,23,Alexander ALBON,Williams,39,88.87,True
9839,81,Oscar PIASTRI,McLaren,40,89.388,True
9839,1,Max VERSTAPPEN,Red Bull Racing,40,88.142,True
9839,4,Lando NORRIS,McLaren,40,90.069,True
9839,16,Charles LECLERC,Ferrari,40,108.177,True
9839,63,George RUSSELL,Mercedes,40,89.278,True
9839,18,Lance STROLL,Aston Martin,40,90.278,True
9839,14,Fernando ALONSO,Aston Martin,40,89.984,True
9839,31,Esteban OCON,Haas F1 Team,40,90.109,True
9839,5,Gabriel BORTOLETO,Kick Sauber,40,90.021,True
9839,87,Oliver BEARMAN,Haas F1 Team,40,90.056,True
9839,27,Nico HULKENBERG,Kick Sauber,40,89.96,True
9839,55,Carlos SAINZ,Williams,40,89.976,True
9839,44,Lewis HAMILTON,Ferrari,40,89.048,True
9839,6,Isack HADJAR,Racing Bulls,40,89.879,True
9839,22,Yuki TSUNODA,Red Bull Racing,40,88.827,True
9839,10,Pierre GASLY,Alpine,40,91.907,True
9839,30,Liam LAWSON,Racing Bulls,40,89.814,True
9839,12,Kimi ANTONELLI,Mercedes,40,89.261,True
9839,43,Franco COLAPINTO,Alpine,40,93.034,True
9839,23,Alexander ALBON,Williams,40,89.722,True
9839,81,Oscar PIASTRI,McLaren,41,92.723,True
9839,1,Max VERSTAPPEN,Red Bull Racing,41,87.973,True
9839,4,Lando NORRIS,McLaren,41,108.266,True
9839,63,George RUSSELL,Mercedes,41,89.3,True
9839,16,Charles LECLERC,Ferrari,41,88.125,True
9839,18,Lance STROLL,Aston Martin,41,90.029,True
9839,14,Fernando ALONSO,Aston Martin,41,89.527,True
9839,31,Esteban OCON,Haas F1 Team,41,89.435,True
9839,5,Gabriel BORTOLETO,Kick Sauber,41,91.051,True
9839,87,Oliver BEARMAN,Haas F1 Team,41,89.816,True
9839,27,Nico HULKENBERG,Kick Sauber,41,90.223,True
9839,55,Carlos SAINZ,Williams,41,90.502,True
9839,44,Lewis HAMILTON,Ferrari,41,88.693,True
9839,6,Isack HADJAR,Racing Bulls,41,89.381,True
9839,22,Yuki TSUNODA,Red Bull Racing,41,88.857,True
9839,10,Pierre GASLY,Alpine,41,110.346,True
9839,30,Liam LAWSON,Racing Bulls,41,90.032,True
9839,12,Kimi ANTONELLI,Mercedes,41,88.13,True
9839,23,Alexander ALBON,Williams,41,88.777,True
9839,43,Franco COLAPINTO,Alpine,41,110.241,True
9839,1,Max VERSTAPPEN,Red Bull Racing,42,88.22,True
9839,81,Oscar PIASTRI,McLaren,42,108.367,True
9839,4,Lando NORRIS,McLaren,42,88.191,True
9839,63,George RUSSELL,Mercedes,42,89.981,True
9839,16,Charles LECLERC,Ferrari,42,87.269,True
9839,18,Lance STROLL,Aston Martin,42,92.323,True
9839,14,Fernando ALONSO,Aston Martin,42,88.948,True
9839,31,Esteban OCON,Haas F1 Team,42,89.244,True
9839,87,Oliver BEARMAN,Haas F1 Team,42,89.34,True
9839,5,Gabriel BORTOLETO,Kick Sauber,42,89.836,True
9839,27,Nico HULKENBERG,Kick Sauber,42,92.159,True
9839,44,Lewis HAMILTON,Ferrari,42,88.873,True
9839,55,Carlos SAINZ,Williams,42,89.679,True
9839,6,Isack HADJAR,Racing Bulls,42,89.515,True
9839,22,Yuki TSUNODA,Red Bull Racing,42,89.016,True
9839,12,Kimi ANTONELLI,Mercedes,42,88.174,True
9839,30,Liam LAWSON,Racing Bulls,42,89.609,True
9839,23,Alexander ALBON,Williams,42,88.845,True
9839,1,Max VERSTAPPEN,Red Bull Racing,43,87.935,True
9839,10,Pierre GASLY,Alpine,42,88.765,True
9839,43,Franco COLAPINTO,Alpine,42,87.71,True
9839,81,Oscar PIASTRI,McLaren,43,87.369,True
9839,4,Lando NORRIS,McLaren,43,87.829,True
9839,16,Charles LECLERC,Ferrari,43,86.919,True
9839,63,George RUSSELL,Mercedes,43,89.457,True
9839,18,Lance STROLL,Aston Martin,43,108.777,True
9839,14,Fernando ALONSO,Aston Martin,43,89.638,True
9839,31,Esteban OCON,Haas F1 Team,43,89.522,True
9839,87,Oliver BEARMAN,Haas F1 Team,43,89.324,True
9839,5,Gabriel BORTOLETO,Kick Sauber,43,90.299,True
9839,44,Lewis HAMILTON,Ferrari,43,88.464,True
9839,55,Carlos SAINZ,Williams,43,89.485,True
9839,27,Nico HULKENBERG,Kick Sauber,43,107.296,True
9839,6,Isack HADJAR,Racing Bulls,43,89.625,True
9839,22,Yuki TSUNODA,Red Bull Racing,43,89.443,True
9839,12,Kimi ANTONELLI,Mercedes,43,88.398,True
9839,30,Liam LAWSON,Racing Bulls,43,90.371,True
9839,23,Alexander ALBON,Williams,43,88.391,True
9839,1,Max VERSTAPPEN,Red Bull Racing,44,87.893,True
9839,10,Pierre GASLY,Alpine,43,88.051,True
9839,43,Franco COLAPINTO,Alpine,43,88.075,True
9839,81,Oscar PIASTRI,McLaren,44,86.765,True
9839,4,Lando NORRIS,McLaren,44,86.834,True
9839,16,Charles LECLERC,Ferrari,44,86.847,True
9839,63,George RUSSELL,Mercedes,44,88.818,True
9839,14,Fernando ALONSO,Aston Martin,44,89.13,True
9839,31,Esteban OCON,Haas F1 Team,44,89.244,True
9839,87,Oliver BEARMAN,Haas F1 Team,44,89.307,True
9839,44,Lewis HAMILTON,Ferrari,44,88.949,True
9839,5,Gabriel BORTOLETO,Kick Sauber,44,89.654,True
9839,55,Carlos SAINZ,Williams,44,89.431,True
9839,6,Isack HADJAR,Racing Bulls,44,90.447,True
9839,22,Yuki TSUNODA,Red Bull Racing,44,88.557,True
9839,12,Kimi ANTONELLI,Mercedes,44,88.503,True
9839,23,Alexander ALBON,Williams,44,88.507,True
9839,30,Liam LAWSON,Racing Bulls,44,90.123,True
9839,18,Lance STROLL,Aston Martin,44,87.918,True
9839,27,Nico HULKENBERG,Kick Sauber,44,87.172,True
9839,1,Max VERSTAPPEN,Red Bull Racing,45,87.752,True
9839,10,Pierre GASLY,Alpine,44,88.166,True
9839,43,Franco COLAPINTO,Alpine,44,88.449,True
9839,81,Oscar PIASTRI,McLaren,45,87.392,True
9839,4,Lando NORRIS,McLaren,45,86.953,True
9839,16,Charles LECLERC,Ferrari,45,86.725,True
9839,63,George RUSSELL,Mercedes,45,89.132,True
9839,14,Fernando ALONSO,Aston Martin,45,89.355,True
9839,31,Esteban OCON,Haas F1 Team,45,89.16,True
9839,87,Oliver BEARMAN,Haas F1 Team,45,90.196,True
9839,44,Lewis HAMILTON,Ferrari,45,88.758,True
9839,5,Gabriel BORTOLETO,Kick Sauber,45,89.363,True
9839,55,Carlos SAINZ,Williams,45,89.336,True
9839,22,Yuki TSUNODA,Red Bull Racing,45,88.892,True
9839,6,Isack HADJAR,Racing Bulls,45,89.833,True
9839,12,Kimi ANTONELLI,Mercedes,45,89.001,True
9839,23,Alexander ALBON,Williams,45,88.367,True
9839,18,Lance STROLL,Aston Martin,45,88.113,True
9839,30,Liam LAWSON,Racing Bulls,45,89.762,True
9839,27,Nico HULKENBERG,Kick Sauber,45,87.574,True
9839,1,Max VERSTAPPEN,Red Bull Racing,46,87.961,True
9839,10,Pierre GASLY,Alpine,45,88.047,True
9839,43,Franco COLAPINTO,Alpine,45,88.464,True
9839,81,Oscar PIASTRI,McLaren,46,86.965,True
9839,4,Lando NORRIS,McLaren,46,87.074,True
9839,16,Charles LECLERC,Ferrari,46,86.856,True
9839,63,George RUSSELL,Mercedes,46,88.944,True
9839,14,Fernando ALONSO,Aston Martin,46,89.235,True
9839,31,Esteban OCON,Haas F1 Team,46,89.19,True
9839,44,Lewis HAMILTON,Ferrari,46,89.24,True
9839,87,Oliver BEARMAN,Haas F1 Team,46,89.469,True
9839,5,Gabriel BORTOLETO,Kick Sauber,46,89.386,True
9839,55,Carlos SAINZ,Williams,46,89.242,True
9839,22,Yuki TSUNODA,Red Bull Racing,46,88.843,True
9839,6,Isack HADJAR,Racing Bulls,46,89.415,True
9839,12,Kimi ANTONELLI,Mercedes,46,88.883,True
9839,23,Alexander ALBON,Williams,46,88.517,True
9839,18,Lance STROLL,Aston Martin,46,88.288,True
9839,30,Liam LAWSON,Racing Bulls,46,89.987,True
9839,27,Nico HULKENBERG,Kick Sauber,46,87.05,True
9839,1,Max VERSTAPPEN,Red Bull Racing,47,87.871,True
9839,10,Pierre GASLY,Alpine,46,87.767,True
9839,43,Franco COLAPINTO,Alpine,46,88.307,True
9839,81,Oscar PIASTRI,McLaren,47,86.994,True
9839,4,Lando NORRIS,McLaren,47,86.867,True
9839,16,Charles LECLERC,Ferrari,47,86.974,True
9839,63,George RUSSELL,Mercedes,47,89.062,True
9839,14,Fernando ALONSO,Aston Martin,47,89.12,True
9839,31,Esteban OCON,Haas F1 Team,47,89.158,True
9839,44,Lewis HAMILTON,Ferrari,47,88.997,True
9839,87,Oliver BEARMAN,Haas F1 Team,47,88.981,True
9839,5,Gabriel BORTOLETO,Kick Sauber,47,89.114,True
9839,55,Carlos SAINZ,Williams,47,89.373,True
9839,22,Yuki TSUNODA,Red Bull Racing,47,88.703,True
9839,6,Isack HADJAR,Racing Bulls,47,89.891,True
9839,12,Kimi ANTONELLI,Mercedes,47,88.104,True
9839,23,Alexander ALBON,Williams,47,89.563,True
9839,18,Lance STROLL,Aston Martin,47,87.743,True
9839,27,Nico HULKENBERG,Kick Sauber,47,87.541,True
9839,30,Liam LAWSON,Racing Bulls,47,88.99,True
9839,1,Max VERSTAPPEN,Red Bull Racing,48,87.818,True
9839,10,Pierre GASLY,Alpine,47,88.143,True
9839,43,Franco COLAPINTO,Alpine,47,88.103,True
9839,81,Oscar PIASTRI,McLaren,48,87.022,True
9839,4,Lando NORRIS,McLaren,48,86.818,True
9839,16,Charles LECLERC,Ferrari,48,86.845,True
9839,63,George RUSSELL,Mercedes,48,88.922,True
9839,14,Fernando ALONSO,Aston Martin,48,89.446,True
9839,31,Esteban OCON,Haas F1 Team,48,89.661,True
9839,44,Lewis HAMILTON,Ferrari,48,88.979,True
9839,87,Oliver BEARMAN,Haas F1 Team,48,89.306,True
9839,5,Gabriel BORTOLETO,Kick Sauber,48,89.371,True
9839,55,Carlos SAINZ,Williams,48,89.272,True
9839,22,Yuki TSUNODA,Red Bull Racing,48,88.96,True
9839,12,Kimi ANTONELLI,Mercedes,48,88.89,True
9839,6,Isack HADJAR,Racing Bulls,48,89.57,True
9839,18,Lance STROLL,Aston Martin,48,88.427,True
9839,23,Alexander ALBON,Williams,48,88.947,True
9839,27,Nico HULKENBERG,Kick Sauber,48,87.831,True
9839,30,Liam LAWSON,Racing Bulls,48,89.319,True
9839,1,Max VERSTAPPEN,Red Bull Racing,49,87.75,True
9839,10,Pierre GASLY,Alpine,48,88.048,True
9839,43,Franco COLAPINTO,Alpine,48,88.022,True
9839,81,Oscar PIASTRI,McLaren,49,87.112,True
9839,4,Lando NORRIS,McLaren,49,86.907,True
9839,16,Charles LECLERC,Ferrari,49,86.936,True
9839,63,George RUSSELL,Mercedes,49,88.773,True
9839,14,Fernando ALONSO,Aston Martin,49,89.32,True
9839,31,Esteban OCON,Haas F1 Team,49,89.334,True
9839,44,Lewis HAMILTON,Ferrari,49,89.186,True
9839,87,Oliver BEARMAN,Haas F1 Team,49,89.241,True
9839,5,Gabriel BORTOLETO,Kick Sauber,49,89.459,True
9839,55,Carlos SAINZ,Williams,49,89.168,True
9839,22,Yuki TSUNODA,Red Bull Racing,49,89.15,True
9839,12,Kimi ANTONELLI,Mercedes,49,88.862,True
9839,6,Isack HADJAR,Racing Bulls,49,90.059,True
9839,18,Lance STROLL,Aston Martin,49,87.949,True
9839,23,Alexander ALBON,Williams,49,89.29,True
9839,27,Nico HULKENBERG,Kick Sauber,49,89.021,True
9839,30,Liam LAWSON,Racing Bulls,49,89.009,True
9839,1,Max VERSTAPPEN,Red Bull Racing,50,87.986,True
9839,10,Pierre GASLY,Alpine,49,88.4,True
9839,43,Franco COLAPINTO,Alpine,49,88.383,True
9839,81,Oscar PIASTRI,McLaren,50,87.039,True
9839,4,Lando NORRIS,McLaren,50,86.968,True
9839,16,Charles LECLERC,Ferrari,50,87.213,True
9839,63,George RUSSELL,Mercedes,50,89.088,True
9839,14,Fernando ALONSO,Aston Martin,50,89.006,True
9839,31,Esteban OCON,Haas F1 Team,50,88.935,True
9839,44,Lewis HAMILTON,Ferrari,50,88.978,True
9839,87,Oliver BEARMAN,Haas F1 Team,50,88.976,True
9839,5,Gabriel BORTOLETO,Kick Sauber,50,89.145,True
9839,55,Carlos SAINZ,Williams,50,89.162,True
9839,22,Yuki TSUNODA,Red Bull Racing,50,89.278,True
9839,12,Kimi ANTONELLI,Mercedes,50,88.865,True
9839,18,Lance STROLL,Aston Martin,50,88.065,True
9839,6,Isack HADJAR,Racing Bulls,50,89.522,True
9839,23,Alexander ALBON,Williams,50,89.526,True
9839,27,Nico HULKENBERG,Kick Sauber,50,87.977,True
9839,30,Liam LAWSON,Racing Bulls,50,88.99,True
9839,1,Max VERSTAPPEN,Red Bull Racing,51,87.983,True
9839,10,Pierre GASLY,Alpine,50,87.992,True
9839,43,Franco COLAPINTO,Alpine,50,88.494,True
9839,81,Oscar PIASTRI,McLaren,51,87.312,True
9839,4,Lando NORRIS,McLaren,51,87.277,True
9839,16,Charles LECLERC,Ferrari,51,87.376,True
9839,63,George RUSSELL,Mercedes,51,88.789,True
9839,14,Fernando ALONSO,Aston Martin,51,88.514,True
9839,31,Esteban OCON,Haas F1 Team,51,88.995,True
9839,44,Lewis HAMILTON,Ferrari,51,88.937,True
9839,87,Oliver BEARMAN,Haas F1 Team,51,89.246,True
9839,5,Gabriel BORTOLETO,Kick Sauber,51,89.253,True
9839,55,Carlos SAINZ,Williams,51,89.052,True
9839,22,Yuki TSUNODA,Red Bull Racing,51,89.286,True
9839,12,Kimi ANTONELLI,Mercedes,51,89.698,True
9839,18,Lance STROLL,Aston Martin,51,87.839,True
9839,6,Isack HADJAR,Racing Bulls,51,90.082,True
9839,27,Nico HULKENBERG,Kick Sauber,51,88.244,True
9839,23,Alexander ALBON,Williams,51,89.42,True
9839,30,Liam LAWSON,Racing Bulls,51,89.008,True
9839,1,Max VERSTAPPEN,Red Bull Racing,52,88.455,True
9839,10,Pierre GASLY,Alpine,51,88.364,True
9839,43,Franco COLAPINTO,Alpine,51,88.531,True
9839,81,Oscar PIASTRI,McLaren,52,87.498,True
9839,4,Lando NORRIS,McLaren,52,86.895,True
9839,16,Charles LECLERC,Ferrari,52,87.55,True
9839,63,George RUSSELL,Mercedes,52,89.041,True
9839,14,Fernando ALONSO,Aston Martin,52,89.085,True
9839,31,Esteban OCON,Haas F1 Team,52,89.405,True
9839,44,Lewis HAMILTON,Ferrari,52,89.625,True
9839,87,Oliver BEARMAN,Haas F1 Team,52,89.07,True
9839,5,Gabriel BORTOLETO,Kick Sauber,52,89.229,True
9839,55,Carlos SAINZ,Williams,52,89.09,True
9839,22,Yuki TSUNODA,Red Bull Racing,52,89.978,True
9839,18,Lance STROLL,Aston Martin,52,87.626,True
9839,12,Kimi ANTONELLI,Mercedes,52,88.866,True
9839,27,Nico HULKENBERG,Kick Sauber,52,87.742,True
9839,6,Isack HADJAR,Racing Bulls,52,89.375,True
9839,23,Alexander ALBON,Williams,52,89.393,True
9839,30,Liam LAWSON,Racing Bulls,52,89.121,True
9839,1,Max VERSTAPPEN,Red Bull Racing,53,88.395,True
9839,10,Pierre GASLY,Alpine,52,88.428,True
9839,43,Franco COLAPINTO,Alpine,52,88.579,True
9839,81,Oscar PIASTRI,McLaren,53,87.527,True
9839,4,Lando NORRIS,McLaren,53,87.08,True
9839,16,Charles LECLERC,Ferrari,53,89.005,True
9839,63,George RUSSELL,Mercedes,53,88.831,True
9839,14,Fernando ALONSO,Aston Martin,53,88.557,True
9839,31,Esteban OCON,Haas F1 Team,53,89.232,True
9839,44,Lewis HAMILTON,Ferrari,53,89.044,True
9839,87,Oliver BEARMAN,Haas F1 Team,53,89.197,True
9839,5,Gabriel BORTOLETO,Kick Sauber,53,89.609,True
9839,55,Carlos SAINZ,Williams,53,89.496,True
9839,18,Lance STROLL,Aston Martin,53,88.658,True
9839,22,Yuki TSUNODA,Red Bull Racing,53,89.612,True
9839,12,Kimi ANTONELLI,Mercedes,53,89.395,True
9839,27,Nico HULKENBERG,Kick Sauber,53,88.41,True
9839,6,Isack HADJAR,Racing Bulls,53,90.475,True
9839,23,Alexander ALBON,Williams,53,88.627,True
9839,30,Liam LAWSON,Racing Bulls,53,92.152,True
9839,1,Max VERSTAPPEN,Red Bull Racing,54,88.175,True
9839,10,Pierre GASLY,Alpine,53,88.72,True
9839,43,Franco COLAPINTO,Alpine,53,88.723,True
9839,81,Oscar PIASTRI,McLaren,54,87.744,True
9839,4,Lando NORRIS,McLaren,54,87.144,True
9839,16,Charles LECLERC,Ferrari,54,88.291,True
9839,63,George RUSSELL,Mercedes,54,88.701,True
9839,14,Fernando ALONSO,Aston Martin,54,88.279,True
9839,31,Esteban OCON,Haas F1 Team,54,88.662,True
9839,44,Lewis HAMILTON,Ferrari,54,88.731,True
9839,87,Oliver BEARMAN,Haas F1 Team,54,89.276,True
9839,5,Gabriel BORTOLETO,Kick Sauber,54,89.723,True
9839,55,Carlos SAINZ,Williams,54,90.355,True
9839,18,Lance STROLL,Aston Martin,54,88.951,True
9839,22,Yuki TSUNODA,Red Bull Racing,54,89.474,True
9839,12,Kimi ANTONELLI,Mercedes,54,90.005,True
9839,27,Nico HULKENBERG,Kick Sauber,54,88.379,True
9839,23,Alexander ALBON,Williams,54,88.752,True
9839,6,Isack HADJAR,Racing Bulls,54,89.999,True
9839,1,Max VERSTAPPEN,Red Bull Racing,55,88.817,True
9839,30,Liam LAWSON,Racing Bulls,54,89.375,True
9839,10,Pierre GASLY,Alpine,54,89.511,True
9839,43,Franco COLAPINTO,Alpine,54,88.68,True
9839,81,Oscar PIASTRI,McLaren,55,87.79,True
9839,4,Lando NORRIS,McLaren,55,87.975,True
9839,16,Charles LECLERC,Ferrari,55,88.195,True
9839,63,George RUSSELL,Mercedes,55,88.824,True
9839,14,Fernando ALONSO,Aston Martin,55,88.393,True
9839,31,Esteban OCON,Haas F1 Team,55,88.719,True
9839,44,Lewis HAMILTON,Ferrari,55,88.796,True
9839,87,Oliver BEARMAN,Haas F1 Team,55,89.112,True
9839,5,Gabriel BORTOLETO,Kick Sauber,55,90.038,True
9839,18,Lance STROLL,Aston Martin,55,88.046,True
9839,55,Carlos SAINZ,Williams,55,89.556,True
9839,22,Yuki TSUNODA,Red Bull Racing,55,90.24,True
9839,27,Nico HULKENBERG,Kick Sauber,55,88.053,True
9839,12,Kimi ANTONELLI,Mercedes,55,89.512,True
9839,23,Alexander ALBON,Williams,55,88.785,True
9839,6,Isack HADJAR,Racing Bulls,55,89.599,True
9839,1,Max VERSTAPPEN,Red Bull Racing,56,88.621,True
9839,30,Liam LAWSON,Racing Bulls,55,89.206,True
9839,10,Pierre GASLY,Alpine,55,89.233,True
9839,43,Franco COLAPINTO,Alpine,55,88.57,True
9839,81,Oscar PIASTRI,McLaren,56,87.998,True
9839,4,Lando NORRIS,McLaren,56,88.226,True
9839,16,Charles LECLERC,Ferrari,56,87.464,True
9839,63,George RUSSELL,Mercedes,56,88.835,True
9839,14,Fernando ALONSO,Aston Martin,56,88.777,True
9839,31,Esteban OCON,Haas F1 Team,56,88.655,True
9839,44,Lewis HAMILTON,Ferrari,56,89.623,True
9839,87,Oliver BEARMAN,Haas F1 Team,56,89.175,True
9839,18,Lance STROLL,Aston Martin,56,87.952,True
9839,5,Gabriel BORTOLETO,Kick Sauber,56,89.61,True
9839,55,Carlos SAINZ,Williams,56,89.442,True
9839,27,Nico HULKENBERG,Kick Sauber,56,89.054,True
9839,22,Yuki TSUNODA,Red Bull Racing,56,90.003,True
9839,12,Kimi ANTONELLI,Mercedes,56,89.734,True
9839,23,Alexander ALBON,Williams,56,89.061,True
9839,6,Isack HADJAR,Racing Bulls,56,89.451,True
9839,1,Max VERSTAPPEN,Red Bull Racing,57,88.782,True
9839,30,Liam LAWSON,Racing Bulls,56,89.189,True
9839,10,Pierre GASLY,Alpine,56,89.483,True
9839,43,Franco COLAPINTO,Alpine,56,88.94,True
9839,81,Oscar PIASTRI,McLaren,57,88.406,True
9839,4,Lando NORRIS,McLaren,57,88.435,True
9839,16,Charles LECLERC,Ferrari,57,88.165,True
9839,63,George RUSSELL,Mercedes,57,88.599,True
9839,14,Fernando ALONSO,Aston Martin,57,89.116,True
9839,31,Esteban OCON,Haas F1 Team,57,88.75,True
9839,44,Lewis HAMILTON,Ferrari,57,89.022,True
9839,87,Oliver BEARMAN,Haas F1 Team,57,88.98,True
9839,18,Lance STROLL,Aston Martin,57,88.109,True
9839,5,Gabriel BORTOLETO,Kick Sauber,57,89.836,True
9839,55,Carlos SAINZ,Williams,57,90.727,True
9839,27,Nico HULKENBERG,Kick Sauber,57,89.171,True
9839,22,Yuki TSUNODA,Red Bull Racing,57,89.695,True
9839,12,Kimi ANTONELLI,Mercedes,57,89.712,True
9839,23,Alexander ALBON,Williams,57,89.103,True
9839,6,Isack HADJAR,Racing Bulls,57,90.979,True
9839,1,Max VERSTAPPEN,Red Bull Racing,58,88.473,True
9839,30,Liam LAWSON,Racing Bulls,57,89.022,True
9839,10,Pierre GASLY,Alpine,57,88.908,True
9839,43,Franco COLAPINTO,Alpine,57,90.714,True
9839,81,Oscar PIASTRI,McLaren,58,88.074,True
9839,4,Lando NORRIS,McLaren,58,88.987,True
9839,16,Charles LECLERC,Ferrari,58,88.273,True
9839,63,George RUSSELL,Mercedes,58,88.853,True
9839,14,Fernando ALONSO,Aston Martin,58,89.246,True
9839,31,Esteban OCON,Haas F1 Team,58,88.769,True
9839,44,Lewis HAMILTON,Ferrari,58,89.511,True
9839,87,Oliver BEARMAN,Haas F1 Team,58,91.291,True
9839,18,Lance STROLL,Aston Martin,58,89.029,True
9839,5,Gabriel BORTOLETO,Kick Sauber,58,90.667,True
9839,27,Nico HULKENBERG,Kick Sauber,58,88.107,True
9839,55,Carlos SAINZ,Williams,58,90.046,True
9839,22,Yuki TSUNODA,Red Bull Racing,58,89.566,True
9839,12,Kimi ANTONELLI,Mercedes,58,89.63,True
9839,23,Alexander ALBON,Williams,58,89.256,True
